1500005000005	ASEPTIDINA 4% 1000ML FRASCO ML	12111300-07	UN	MEDICADOS	ASEPTIDINAS  JABON	1
1500005000010	ASEPTIDINA 4% 500 ML BOLSA	12111302	BL	MEDICADOS	ASEPTIDINAS  JABON	1
1500005000015	ASEPTIDINA 4% BOLSA NUEVA X 800 ML DCHQ	2248	BL	MEDICADOS	ASEPTIDINAS  JABON	1
1500005000020	ASEPTIDINA 4% ESPUMA BOLSA 1000 SENS SD958P	12111301-36	UN	MEDICADOS	ASEPTIDINAS  JABON	1
1500005000025	ASEPTIDINA 4% ESPUMA BOLSA SENSOR 800 ML	12111301-02	BL	MEDICADOS	ASEPTIDINAS  JABON	1
1500005000030	ASEPTIDINA 4% ESPUMA BOLSA SENSOR X 1000 ML	12111301-30	BL	MEDICADOS	ASEPTIDINAS  JABON	1
1500005000035	ASEPTIDINA 4% ESPUMA BOLSA SENSOR X 500 ML	12111301-03	UN	MEDICADOS	ASEPTIDINAS  JABON	1
1500005000040	ASEPTIDINA 4% FC 500ML	12111300-04	UN	MEDICADOS	ASEPTIDINAS  JABON	1
1500005000045	ASEPTIDINA JABON Q. 2% FCO X 30ML CJ X 45 UN	12111508	CJ	MEDICADOS	ASEPTIDINAS  JABON	45
1500005000050	ASEPTIDINA JABON Q. 4% 120 ML C X 25	12111303	CJ	MEDICADOS	ASEPTIDINAS  JABON	25
1500005000055	ASEPTIDINA JABON Q. 4% 30ML CX45	12111308	CJ	MEDICADOS	ASEPTIDINAS  JABON	45
1500005000060	ASEPTIDINA JABON Q. 4% 60ML CX36	12111304	CJ	MEDICADOS	ASEPTIDINAS  JABON	36
1500005000065	ASEPTIDINA JABON Q. 4% BL X 1000 ML	12111301-34	BL	MEDICADOS	ASEPTIDINAS  JABON	1
1500005000070	ASEPTIDINA JABON Q. 4% BOLSA LIQ 800ML	2249	BL	MEDICADOS	ASEPTIDINAS  JABON	1
1500005000075	ASEPTIDINA JABON Q. 4% ESP 800 ML SEN SD-958P	12111301-06	UN	MEDICADOS	ASEPTIDINAS  JABON	1
1500005000080	ASEPTIDINA JABON Q. 4% ESP BL 1000 ML	12111301-35	BL	MEDICADOS	ASEPTIDINAS  JABON	1
1500005000085	ASEPTIDINA JABON Q. 4% ESP BL 800 ML	12111301-05	BL	MEDICADOS	ASEPTIDINAS  JABON	1
1500005000090	ASEPTIDINA JABON Q. 4% FCO 500CC BOCA 33	12111300-16	FC	MEDICADOS	ASEPTIDINAS  JABON	1
1500005000095	ASEPTIDINA JABON Q. 4% X 3.785ML	12111300	UN	MEDICADOS	ASEPTIDINAS  JABON	1
1500005000100	GLUCONATO DE CLOREXIDINA AL 4% KG	12111300-02	KG	MEDICADOS	ASEPTIDINAS  JABON	1
1500005000110	ASEPTIDINA J.Q 4%X 30 ML CJ X 50 UND	12111310	CJ	MEDICADOS	ASEPTIDINAS  JABON	50
1500010000005	ASEPTIDINA SOL GERMICIDA USO TOPICO CJX25F120	12311700	CJ	MEDICADOS	ASEPTIDINA SOLUCIÓN	25
1500010000015	ASEPTIDINA SOL TOPICA 2% FCX30ML CJ X 40	17011400	CJ	MEDICADOS	ASEPTIDINA SOLUCIÓN	40
1500010000020	ASEPTIDINA SOL TOPICA 2% SPRAY 60ML CJ X 30	17011500	CJ	MEDICADOS	ASEPTIDINA SOLUCIÓN	30
1500010000025	ASEPTIDINA SOLUCION 2% FC 120 TAPA CJ X25	17011600-01	CJ	MEDICADOS	ASEPTIDINA SOLUCIÓN	25
1500010000030	ASEPTIDINA SOLUCION 2% FC 240ML SPRAY C X 12	17011700	CJ	MEDICADOS	ASEPTIDINA SOLUCIÓN	12
1500010000035	ASEPTIDINA SOLUCION 2% FCO 120 SPRAY CX20	17011600	CJ	MEDICADOS	ASEPTIDINA SOLUCIÓN	20
1500010000040	ASEPTIDINA SOLUCION 2% FCO 240 TAPA CX12	17011700-01	CJ	MEDICADOS	ASEPTIDINA SOLUCIÓN	12
1500010000045	ASEPTIDINA SOLUCION 2% FCO 30 ML TAPA CX45	17011410	CJ	MEDICADOS	ASEPTIDINA SOLUCIÓN	45
1500010000050	ASEPTIDINA SOLUCION 2% FCO 30 ML SPRAY CX45	17011420	CJ	MEDICADOS	ASEPTIDINA SOLUCIÓN	45
1500010000055	ASEPTIDINA SOLUCION 2%  TAPA FCO 60 ML CAJA X36	17012000	CJ	MEDICADOS	ASEPTIDINA SOLUCIÓN	36
1500010000060	ASEPTIDINA SOL TOPICA 2% X30ML CJ X 40 TAP SEG	17011400-01	CJ	MEDICADOS	ASEPTIDINA SOLUCIÓN	30
1500010000065	ASEPTIDINA ST 2% FC 30ML TAPA CJX50 UND	17011300	CJ	MEDICADOS	ASEPTIDINA SOLUCIÓN	50
1500015000005	IOFOAM JABON QUIRURGICO 60 GR CX36 UN	19111800	CJ	MEDICADOS	IOFAM	36
1500015000010	IOFOAM JABON QUIRURGICO CJ X 25 FR DE 120 ML	19111600	CJ	MEDICADOS	IOFAM	25
1500015000015	IOFOAM JABON QUIRURGICO CJ X 4 GAL	19111100	CJ	MEDICADOS	IOFAM	4
1500015000020	IOFOAM JABON QUIRURGICO FRASCO X 30 ML CJ X 45	19111900	CJ	MEDICADOS	IOFAM	45
1500015000025	IOFOAM JABON QUIRURGICO FRASCO X 500 ML	19111720	FC	MEDICADOS	IOFAM	1
1500015000030	IOFOAM LITRO FCO BALA BOMBA	19111710	FC	MEDICADOS	IOFAM	1
1500015000035	IOFOAM J.Q FCX30 ML CJX 50 UND	19111510	CJ	MEDICADOS	IOFAM	50
1500020000005	IOPOVISOL FRASCO X 500 ML	19211810	UN	MEDICADOS	IOPOVISOL	1
1500020000010	IOPOVISOL LITRO BALA BOMBA	19211710	FC	MEDICADOS	IOPOVISOL	1
1500020000015	IOPOVISOL SOL TOP 120ML CJX25 FRASCO	19211600	CJ	MEDICADOS	IOPOVISOL	25
1500020000020	IOPOVISOL SOL TOP 60GR CX36 UN	19211200	CJ	MEDICADOS	IOPOVISOL	36
1500020000025	IOPOVISOL SOLUCION TOPICA CJ X 4 GAL	19211100	CJ	MEDICADOS	IOPOVISOL	4
1500020000030	IOPOVISOL SOLUCION TOPICA FRASCO X 30 MLCX45	19211400	CJ	MEDICADOS	IOPOVISOL	45
1500020000035	YODOPOVIDONA AL 12.5% KG	19111300	KG	MEDICADOS	IOPOVISOL	1
1500020000040	IOPOVISOL S.T FCX30 ML CJX50UND	19211500	CJ	MEDICADOS	IOPOVISOL	50
1500025000005	GEL ANTISÉPTICO 70% FRASCO X 30 ML	13011030	UN	MEDICADOS	GEL MEDICADO	1
1500025000010	GEL ANTISÉPTICO 70% FRASCO X 60 ML	13011060	UN	MEDICADOS	GEL MEDICADO	1
1500025000015	GEL ANTISÉPTICO 70% FRASCO X 120 ML CJX28	13011120	CJ	MEDICADOS	GEL MEDICADO	28
1500025000020	GEL ANTISÉPTICO 70% FRASCO X 300 mL	13011300	UN	MEDICADOS	GEL MEDICADO	1
1500025000025	GEL ANTISÉPTICO 70% FRASCO PET X 500 ML	13011500T	UN	MEDICADOS	GEL MEDICADO	1
1500025000030	GEL ANTISÉPTICO 70% FRASCO PET X 1000 ML	13011010T	UN	MEDICADOS	GEL MEDICADO	1
1500025000035	GEL ANTISÉPTICO 70% FRASCO PEAD X 500 mL	13011500D	UN	MEDICADOS	GEL MEDICADO	1
1500025000040	GEL ANTISÉPTICO 70% FRASCO PEAD X 1000 ML	13011010D	UN	MEDICADOS	GEL MEDICADO	1
1500025000045	GEL ANTISÉPTICO 70% BOLSA X 800 mL VAL	223080	UN	MEDICADOS	GEL MEDICADO	1
1500025000050	GEL ANTISÉPTICO 70% BOLSA X 1000 mL VAL	223010	UN	MEDICADOS	GEL MEDICADO	1
1500025000055	GEL ANTISÉPTICO 70% GALÓN X 3785 mL	13011378	GL	MEDICADOS	GEL MEDICADO	1
1550005000005	ISOPAÑIN 6 X 6 SACHETS	126112000	UN	DISPOSITIVOS MEDICOS	ISOPAÑIN	1
1550005000010	ISOPAÑIN SACHETS CAJA X 1000	12800-1000	UN	DISPOSITIVOS MEDICOS	ISOPAÑIN	1
1550005000015	ISOPAÑIN TOALLA ANTISEPTICA 6X6 CAJA X 200	12611210	CJ	DISPOSITIVOS MEDICOS	ISOPAÑIN	1
1550005000020	ISOPAÑIN TOALLA ANTISEPTICA CAJA X 100 SACHET	12611400	CJ	DISPOSITIVOS MEDICOS	ISOPAÑIN	1
1550005000025	ISOPAÑIN TOALLA ANTISEPTICA CX200	12611300	CJ	DISPOSITIVOS MEDICOS	ISOPAÑIN	1
1550005000035	SACHET ISOPANIN TOALLA ANTISEPTICA	126111000	UN	DISPOSITIVOS MEDICOS	ISOPAÑIN	1
1550010000005	PAÑIN PLUS 2% 6x6 SACHETS	12410-2000	UN	DISPOSITIVOS MEDICOS	PAÑIN	1
1550010000010	PAÑIN PLUS 2% SACHETS UDS	12410-1000	UN	DISPOSITIVOS MEDICOS	PAÑIN	1
1550010000015	TOALLA PAÑIN PLUS 2% 6X6CAJA X200	12410200	CJ	DISPOSITIVOS MEDICOS	PAÑIN	1
1550010000020	TOALLA PAÑIN PLUS 2% CX200 UDS	12411500	CJ	DISPOSITIVOS MEDICOS	PAÑIN	1
1550010000025	TOALLA PAÑIN PLUS CAJA X 100	12911400	CJ	DISPOSITIVOS MEDICOS	PAÑIN	1
1550010000030	TOALLA PAÑIN PLUS CAJA X 1000	12910-1000	UN	DISPOSITIVOS MEDICOS	PAÑIN	1
1550015000005	JAMUC PROTECTOR CUTANEO CAJA X 50 UND	23050	CJ	DISPOSITIVOS MEDICOS	PROTECTOR CUTANEO	1
1550015000010	PROTECTOR CUTANEO CX100 SACHETS	23051	CJ	DISPOSITIVOS MEDICOS	PROTECTOR CUTANEO	1
1550020000005	DET.LUB POLIENZIMARICO BAJO ESP GFX2000ML CJX6	15411800-04	CJ	DISPOSITIVOS MEDICOS	DETERGENTES	6
1550020000010	DET.LUB POLIENZIMATICO BAJO ESP GFX3785ML CJX4	15411800-05	CJ	DISPOSITIVOS MEDICOS	DETERGENTES	4
1550020000015	DET.LUB POLIENZIMATICO ESPUMA EN AEROSOL X 150ML	15411700-20	UN	DISPOSITIVOS MEDICOS	DETERGENTES	1
1550020000020	DETERGENTE ENZIMATICO FORTE CJ X 4 GL	15411200A	CJ	DISPOSITIVOS MEDICOS	DETERGENTES	4
1550020000025	DETERGENTE ENZIMATICO FORTE FC BALAX1000MLBOCA38	15411600-01	UN	DISPOSITIVOS MEDICOS	DETERGENTES	1
1550020000030	DETERGENTE LUB. POLIENZIMATICO CJX4 GL X 3.785 ML	15411100-04	CJ	DISPOSITIVOS MEDICOS	DETERGENTES	4
1550020000035	DETERGENTE LUB. POLIENZIMATICO ESPUMA FCOX600ML CJ	15411600-20	CJ	DISPOSITIVOS MEDICOS	DETERGENTES	12
1550020000040	DETERGENTE LUB. POLIENZIMATICO GA 2000ML CX6	15411600-04	CJ	DISPOSITIVOS MEDICOS	DETERGENTES	6
1550020000045	LIMPIADOR DESINFEC ASEPTIBAC PENTA GL CJX4	13111300	CJ	DISPOSITIVOS MEDICOS	DETERGENTES	4
1550020000050	LIMPIADOR DESINFEC ASEPTIBAC PENTA FCO 600m CJx12	13111600	CJ	DISPOSITIVOS MEDICOS	DETERGENTES	12
1550020000055	LIMPIADOR DESINFEC ASEPTIBAC SOLUCION GALON CJ X4	13111100	CJ	DISPOSITIVOS MEDICOS	DETERGENTES	4
1600005000005	SOLISORB X 120 G TAPA PITORRO	22335	UN	GELIFICANTES	SOLISORB	1
1600005000010	SOLISORB X 20 G SOBRES CX50	18111220	CJ	GELIFICANTES	SOLISORB	50
1600005000015	SOLISORB X 2000 G TARRINA	18111100-04	UN	GELIFICANTES	SOLISORB	1
1600005000020	SOLISORB X 60 G TAPA PITORRO	22334	UN	GELIFICANTES	SOLISORB	1
1650005000005	ALCOHOL GEL ANTIBACTERIAL FC X 1000ML ALKOSTO	2355	UN	COSMETICOS	ASEPTIGEL (EXC)	1
1650005000010	ALCOHOL GEL ANTIBACTERIAL FC X 300 ML ALKOSTO	23510	UN	COSMETICOS	ASEPTIGEL (EXC)	1
1650005000025	ASEPTIGEL ANTIBAC BOLSA X 800mL SENSOR SD-958P	12211800S	UN	COSMETICOS	ASEPTIGEL (EXC)	1
1650005000030	ASEPTIGEL ANTIBACTERIAL BOLSA 1000mL SENSOR	12211900S	BL	COSMETICOS	ASEPTIGEL (EXC)	1
1650005000035	ASEPTIGEL ANTIBACTERIAL FRAG. BX1000ML VL SB518L	22365B	UN	COSMETICOS	ASEPTIGEL (EXC)	1
1650005000040	ASEPTIGEL ANTIBACTERIAL FRAG. BX800ML VL SB518L	22337B	UN	COSMETICOS	ASEPTIGEL (EXC)	1
1650005000045	ASEPTIGEL CON FRAGANCIA BOLSA X 800ML V DCHQ	22337A	UN	COSMETICOS	ASEPTIGEL (EXC)	1
1650005000050	ASEPTIGEL CON FRAGANCIA FC 30ML MUESTRA	12211201A	UN	COSMETICOS	ASEPTIGEL (EXC)	1
1650005000055	ASEPTIGEL CON FRAGANCIA FC X 300 ML	12211300-01A	UN	COSMETICOS	ASEPTIGEL (EXC)	1
1650005000060	ASEPTIGEL FC X 1000 ML SIN FRAGANCIA	12211600-02A	UN	COSMETICOS	ASEPTIGEL (EXC)	1
1650005000065	ASEPTIGEL GEL ANTIBA CON FRAGANCIA FC X 1000ML	12211600-01A	UN	COSMETICOS	ASEPTIGEL (EXC)	1
1650005000070	ASEPTIGEL GEL ANTIBA CON FRAGANCIA FC X 120MLCJX28	12211200-01A	CJ	COSMETICOS	ASEPTIGEL (EXC)	28
1650005000075	ASEPTIGEL GEL ANTIBA CON FRAGANCIA FC X 500ML	12211700-01A	FC	COSMETICOS	ASEPTIGEL (EXC)	1
1650005000080	ASEPTIGEL GEL ANTIBA CON FRAGANCIA FC X 60ML	12211202A	UN	COSMETICOS	ASEPTIGEL (EXC)	1
1650005000085	ASEPTIGEL GEL ANTIBACTERIAL CON FRAG GL X 3785ML	12211100-01A	GL	COSMETICOS	ASEPTIGEL (EXC)	1
1650005000090	ASEPTIGEL SIN FRAGANCIA GALON	12211100-02A	UN	COSMETICOS	ASEPTIGEL (EXC)	1
1650015000005	ASEPTIGERM JAB ANTIB MANZ VAL SENSOR	14011901-06	UN	COSMETICOS	ASEPTIGERM	1
1650015000010	ASEPTIGERM JAB ANTIB DURAZNO 30ML MUESTRA	15011201	UN	COSMETICOS	ASEPTIGERM	1
1650015000015	ASEPTIGERM JAB ANTIB ESPUM MANZ 30ML MUESTRA	14011201	UN	COSMETICOS	ASEPTIGERM	1
1650015000020	ASEPTIGERM JAB ANTIB MANZANA BOLSA X 800ML	14011450	UN	COSMETICOS	ASEPTIGERM	1
1650015000025	ASEPTIGERM JAB ANTIB ESP DURAZNO B800 ACIDO	15011801	UN	COSMETICOS	ASEPTIGERM	1
1650015000030	ASEPTIGERM JAB ANTIB ESP MANZANA B800C ACIDO	14011901	UN	COSMETICOS	ASEPTIGERM	1
1650015000035	ASEPTIGERM JAB ANTIB DURAZNO ACIDO LT	15011600	FC	COSMETICOS	ASEPTIGERM	1
1650015000045	ASEPTIGERM JAB ANTIB ALKOSTO MAZANA BL 800ML CX10	2411A	UN	COSMETICOS	ASEPTIGERM	1
1650015000050	ASEPTIGERM JAB ANTIB MANZANA GL X3785 ML	14011100	GL	COSMETICOS	ASEPTIGERM	1
1650015000055	ASEPTIGERM JAB ANTIB MANZANA LT	14011601	LT	COSMETICOS	ASEPTIGERM	1
1650015000060	ASEPTIGERM JAB ANTIB MANZANA B800ML V 0.8	14011950-2	UN	COSMETICOS	ASEPTIGERM	1
1650020000005	CREMA HIDRATANTE 30ML	2305	FC	COSMETICOS	JAMUC	1
1650020000010	CREMA HIDRATANTE JAMUC BOLSA DISPENSADOR X500ML	23015	UN	COSMETICOS	JAMUC	1
1650020000015	CREMA HIDRATANTE JAMUC BOLSA X 800 ML VALVULA LIQU	23014	UN	COSMETICOS	JAMUC	1
1650020000020	CREMA HIDRATANTE JAMUC TUBO 200ML UNIDAD	3020	UN	COSMETICOS	JAMUC	1
1650020000025	CREMA PROTECTORA 3O GR AL 10%	2306	UN	COSMETICOS	JAMUC	1
1650020000030	CREMA PROTECTORA CUTANEA 10% TUBO 150GM	2301	UN	COSMETICOS	JAMUC	1
1650020000040	CREMA PROTECTORA CUTANEA ULTRA TUBO 150GM	2302	TUB	COSMETICOS	JAMUC	1
1650020000045	CREMA ULTRA PROTECTORA 30gmr 30%	2307	UN	COSMETICOS	JAMUC	1
1650020000050	JAMUC LIMPIADOR CUTANEO ESPUMA X 280 ML	3010	UN	COSMETICOS	JAMUC	1
1650020000065	LIMPIADOR CUTANEO FRASCO X 100 mL	3024	UN	COSMETICOS	JAMUC	1
1650020000075	REMOVEDOR DE ADHESIVOS CX50	12711100-A	CJ	COSMETICOS	JAMUC	1
1650020000076	LIMPIADOR CUTANEO JAMUC 250 ML	3025	UN	COSMETICOS	JAMUC	1
1700005000005	DESENGRASANTE ALKOSTO 600 PISTOLA	2144A	FC	INSTITUCIONAL	DESENGRASANTES	1
1700005000010	LIFT DESENGRASANTE MULTIUSOS PISTOLA X 600mL	11209A	UN	INSTITUCIONAL	DESENGRASANTES	1
1700005000020	SHAMPOO CERA AUTOS GALON	2180	GL	INSTITUCIONAL	DESENGRASANTES	1
1700005000025	SPOT LIGTH PISTOLA 600CC	21121A	GF	INSTITUCIONAL	DESENGRASANTES	1
1700005000030	LIMPIADOR DESINF SUP DURAS LAVANDA	406	UN	INSTITUCIONAL	DESENGRASANTES	1
1700005000035	LIMPIADOR NEUTRAL AUTO BRILLANTE	21137A	UN	INSTITUCIONAL	DESENGRASANTES	1
1700010000005	TTC 500 PISTOLA	11303A	GF	INSTITUCIONAL	TTC	1
1700010000010	TTC 600 RPTO CARREFOUR	11307A	GF	INSTITUCIONAL	TTC	1
1700010000015	TTC BACTERICIDA SANITARIO GALON 3.785CC	11302A	GL	INSTITUCIONAL	TTC	1
1700015000005	CLEAN FORCE COCINA PISTOLA 600CC	C201A	GF	INSTITUCIONAL	CLEAN FORCE	1
1700015000010	CLEAN FORCE COCINAS RPTO 600ml	C202A	UN	INSTITUCIONAL	CLEAN FORCE	1
1700015000015	CLEAN FORCE CONCENTRADO GALON	11401A	GL	INSTITUCIONAL	CLEAN FORCE	1
1700015000020	CLEAN FORCE CUÑETE BAÑOS	11404A	CU	INSTITUCIONAL	CLEAN FORCE	1
1700015000025	CLEAN FORCE HORNOS PISTOLA 600CC	C203A	UN	INSTITUCIONAL	CLEAN FORCE	1
1700015000035	CLEAN FORCE LIMPIADOR D. SANITARIOS PISTOLA X 600m	C207A	UN	INSTITUCIONAL	CLEAN FORCE	1
1700015000040	CLEAN FORCE MULTIUSOS GALON X 3.785mL	C3785A	UN	INSTITUCIONAL	CLEAN FORCE	1
1700015000045	CLEAN FORCE PISTOLA 600CC	11406A	GF	INSTITUCIONAL	CLEAN FORCE	1
1700015000050	CLEAN FORCE REPUESTO 600CC	11407A	GF	INSTITUCIONAL	CLEAN FORCE	1
1700015000055	CLEAN FORCE LIMP. DESINFECTACTE BAÑOS GL 3785ML	C213A	GL	INSTITUCIONAL	CLEAN FORCE	1
1700020000005	EST-EEM COCINAS GALON	11502A	GL	INSTITUCIONAL	EST-EEM	1
1700020000015	EST-EEM REPUESTO 600CC CARREFOUR	11507C	GF	INSTITUCIONAL	EST-EEM	1
1700020000020	EST-EEM SANITIZANTE PISTOLA 600CC	11506A	GF	INSTITUCIONAL	EST-EEM	1
1700020000025	EST-EEM SANITIZANTE RPTO 600CC	11507A	GF	INSTITUCIONAL	EST-EEM	1
1700025000005	VERSATILE REPUESTO 600CC JUMBO	11707A	GF	INSTITUCIONAL	INSTITUCIONAL VERSATILE	1
1700030000005	SEARCH SUAVIZANTE ROPAS 4LTS	11910A	GL	INSTITUCIONAL	INSTITUCIONAL SUAVIZANTE	1
1700030000010	SEARCH DETERG.4LT PARA ROPA	11900A	UN	INSTITUCIONAL	INSTITUCIONAL SUAVIZANTE	1
1700035000005	PREPLANCHADO 2LT ALKOSTO	2214A	GF	INSTITUCIONAL	INSTITUCIONAL PRE - PLANCHADO	1
1700035000010	PREPLANCHADO 500 PISTOLA ALKOSTO	2211A	FC	INSTITUCIONAL	INSTITUCIONAL PRE - PLANCHADO	1
1700040000005	PRELAVADO 2LT	21103A	GF	INSTITUCIONAL	INSTITUCIONAL PRE - LAVADO	1
1700040000010	PRELAVADO 2LT ALKOSTO	2204A	UN	INSTITUCIONAL	INSTITUCIONAL PRE - LAVADO	1
1700040000015	PRELAVADO 500 PISTOLA ALKOSTO	2201A	FC	INSTITUCIONAL	INSTITUCIONAL PRE - LAVADO	1
1900005000005	ASEPTDINA SOLUCION TOP 2% 120 ML TAPA PANAMA	17011600-02	UN	EXPORTACION	PRODUCTOS DE EXPORTACION	1
1900005000010	ASEPTIDINA 4% 500 ML PANAMA	12111300-09	FC	EXPORTACION	PRODUCTOS DE EXPORTACION	1
1900005000015	ASEPTIDINA 4% FCO 1000 ML PANAMA	12111300-08	UN	EXPORTACION	PRODUCTOS DE EXPORTACION	1
1900005000020	ASEPTIDINA JABON Q. 4% 60 ML PANAMA	12111304-01	UN	EXPORTACION	PRODUCTOS DE EXPORTACION	1
1900005000025	ASEPTIDINA JABON Q. 4% 120 ML PANAMA	12111300-11	UN	EXPORTACION	PRODUCTOS DE EXPORTACION	1
1900005000030	ASEPTIDINA JABON Q. 4% 240 ML PANAMA	12111300-17	UN	EXPORTACION	PRODUCTOS DE EXPORTACION	1
1900005000035	ASEPTIDINA JABON Q. 4% ESP. BOL 1000 SENS PANAMA	12111300-22	UN	EXPORTACION	PRODUCTOS DE EXPORTACION	1
1900005000040	ASEPTIDINA JABON Q. 4% ESP. BOL 1000 V 0.8 PANAMA	12111300-21	UN	EXPORTACION	PRODUCTOS DE EXPORTACION	1
1900005000045	ASEPTIDINA JABON Q. 4% FCO 30 ML PANAMA	12111308-01	UN	EXPORTACION	PRODUCTOS DE EXPORTACION	1
1900005000050	ASEPTIDINA JABON Q. 4% 3.785 ML PANAMA	12111300-06	UN	EXPORTACION	PRODUCTOS DE EXPORTACION	1
1900005000055	ASEPTIDINA SLN TOPICA AL 2% FCX120 ML PANAMA	17011600-06	UN	EXPORTACION	PRODUCTOS DE EXPORTACION	1
1900005000056	ASEPTIDINA SOL TOPICA 2%  TAPA  30 ML PANAMA	17011401	UN	EXPORTACION	PRODUCTOS DE EXPORTACION	1
1900005000057	ASEPTIDINA SLN TOPICA 2% SPRAY 30 ML PANAMA	17011402	UN	EXPORTACION	PRODUCTOS DE EXPORTACION	1
1900005000060	ASEPTIDINA SLN TOPICA AL 2% FCX60ML SPARY PANAMA	17011500-05	UN	EXPORTACION	PRODUCTOS DE EXPORTACION	1
1900005000061	ASEPTIDINA SLN TOPICA 2% SPRAY  FCO 240ML PANAMA	17011700-06	UN	EXPORTACION	PRODUCTOS DE EXPORTACION	1
1900005000065	ASEPTIDINA SOL TOPICA 2% 60 ML TAPA PANAMA	17012000-02	UN	EXPORTACION	PRODUCTOS DE EXPORTACION	1
1900005000066	ASEPTIDINA SLN TOPICA 2% TAPA FCO 240 ML PANAMA	17011700-07	UN	EXPORTACION	PRODUCTOS DE EXPORTACION	1
1900005000069	CREMA HIDRATANTE JAMUC TUBO 200 ML PANAMA	22251	UN	EXPORTACION	PRODUCTOS DE EXPORTACION	1
1900005000070	CREMA HIDTANTE TUBO 30 GM PANAMA	23060	UN	EXPORTACION	PRODUCTOS DE EXPORTACION	1
1900005000075	CREMA PROTECTORA CUTANEA 10% 150GR PANAMA	22253	UN	EXPORTACION	PRODUCTOS DE EXPORTACION	1
1900005000080	CREMA PROTEC CUTANEA OXI ZINC 10%30GR PANAMA	23061	UN	EXPORTACION	PRODUCTOS DE EXPORTACION	1
1900005000085	CREMA PROTEC CUTANEA ULTRA 30% 150GR PANAMA	22254	UN	EXPORTACION	PRODUCTOS DE EXPORTACION	1
1900005000090	CREMA PROTEC CUTANEA ULTRA OXI ZIN30% 30GR PANAMA	23071	UN	EXPORTACION	PRODUCTOS DE EXPORTACION	1
1900005000095	DET. LUB. POLIENZIMATICO BAJA ESPUMA 2L PANAMA	15411100-10	UN	EXPORTACION	PRODUCTOS DE EXPORTACION	1
1900005000096	DETERGENTE POLIENZIMATICO BAJA ESPUMA GL 3.785	15411100-3785	GL	EXPORTACION	PRODUCTOS DE EXPORTACION	1
1900005000099	DETERGENTE POLIENZIMATICO GL 3.785 PANAMA	18411100-10	GL	EXPORTACION	PRODUCTOS DE EXPORTACION	1
1900005000100	DET. LUB. POLIENZIMATICO ESPUMA FCX600 ML PANAMA	15411100-600	FC	EXPORTACION	PRODUCTOS DE EXPORTACION	1
1900005000105	DET. LUB. POLIENZIMATIVO AEROSLIL 150 ML ESP PANAM	15411700-21	UN	EXPORTACION	PRODUCTOS DE EXPORTACION	1
1900005000110	DET. LUB. POLIENZIMATICO GF 2 L PANAMA	15411600-05	UN	EXPORTACION	PRODUCTOS DE EXPORTACION	1
1900005000115	ESPUMA ANTISEPTICA YODOPOVIDONA 120 ML LE ROY	19111602	UN	EXPORTACION	PRODUCTOS DE EXPORTACION	1
1900005000120	IOFOAM JABON QUIRURGICO 120 ML PANAMA	19111600-1	UN	EXPORTACION	PRODUCTOS DE EXPORTACION	1
1900005000121	IOFOAM JABON QUIRURGICO 8% FCO LITRO PANAMA	19111700	LTR	EXPORTACION	PRODUCTOS DE EXPORTACION	1
1900005000122	IOFOAM JABON QUIRURGICO GALON 3.785 PANAMA	19111300-01	GL	EXPORTACION	PRODUCTOS DE EXPORTACION	1
1900005000125	IOPOVISOL SOLUCION TOPICA 120 ML PANAMA	19211600-1	UN	EXPORTACION	PRODUCTOS DE EXPORTACION	1
1900005000126	IOPOVISOL SOLUCION  TOPICA10% FCO LITRO PANAMA	19211700	LTR	EXPORTACION	PRODUCTOS DE EXPORTACION	1
1900005000130	IOPOVISOL SOLUCION TOPICA GL 3.785 PANAMA	19211300-01	UN	EXPORTACION	PRODUCTOS DE EXPORTACION	1
1900005000135	IOPOVISOL SOLUCION TOPICA 60 GR PANAMA	19211200-02	UN	EXPORTACION	PRODUCTOS DE EXPORTACION	1
1900005000140	IOPOVISOL SOLUCION TOPICA FC X 30 PANAMA	19211400-01	UN	EXPORTACION	PRODUCTOS DE EXPORTACION	1
1900005000150	JAMUC LIMPIADOR CUTANEO ESPUMA 280 ML PANAMA	3017-1	FC	EXPORTACION	PRODUCTOS DE EXPORTACION	1
1900005000151	LIMPIADOR CUTANEO EN ESPUMA FCO 100 ML PANAMA	3024-1	MLT	EXPORTACION	PRODUCTOS DE EXPORTACION	1
1900005000155	SOLUCION ANTISEPTICA YODOPOVIDONA 120ML LE ROY	19211602	UN	EXPORTACION	PRODUCTOS DE EXPORTACION	1
1900005000160	DISPENSADOR JABON EN BOLSA PANAMA	JV059	UN	EXPORTACION	PRODUCTOS DE EXPORTACION	1
1900005000165	IOFOAM JABON QUIRURGICO 8% FR X 60mL CJ X 36 PANAM	19111800-01	CJ	EXPORTACION	PRODUCTOS DE EXPORTACION	36
1900005000170	DISPENSADOR SENSOR ESPUMA / LIQUIDA TDL HYG EXPOR	SD-958P-EXP	UN	EXPORTACION	PRODUCTOS DE EXPORTACION	1
1900005000175	ASEPTIBAC PENTA SLN DESINFECTANTE GL 3.785 PANAMA	13111310	UN	EXPORTACION	PRODUCTOS DE EXPORTACION	1
1900005000176	ASEPTIBAC PENTA SLN DESINFECTANTE GF 600  PANAMA	13111610	UN	EXPORTACION	PRODUCTOS DE EXPORTACION	1
1900005000185	JABON LIQ. ANTIBAC ESPUMA MANZANA BOL 1000ML PANAM	14011900	MLT	EXPORTACION	PRODUCTOS DE EXPORTACION	1
1900005000186	JABON LIQ. ANTIBAC ESPUMA MANZANA BOL 800ML PANAMA	14011910	MLT	EXPORTACION	PRODUCTOS DE EXPORTACION	1
1900005000190	GEL ANTISEPTICO MANOS ALCOHOL 60% GL3.785PANAMA	12211110	GL	EXPORTACION	PRODUCTOS DE EXPORTACION	1
1900005000191	GEL ANTISEPTICO MANOS ALCOHOL 60% LITRO PANAMA	12211610	LTR	EXPORTACION	PRODUCTOS DE EXPORTACION	1
1900005000195	GEL ANTISEPTICO MANOS ALCOHOL 60% FC 120 CCPANAMA	12211210	UN	EXPORTACION	PRODUCTOS DE EXPORTACION	1
1900005000196	GEL ANTISEPTICO MANOS ALCOHOL 60% FC 60 CCPANAMA	12211220	UN	EXPORTACION	PRODUCTOS DE EXPORTACION	1
1900005000200	GEL ANTISEPT MANOS ALCOHOL 60% BOLSA 800CC PANAMA	22337-06	BOL	EXPORTACION	PRODUCTOS DE EXPORTACION	1
1900005000201	GEL ANTISEPT MANOS ALCOHOL 60% BOLSA 1000CC PANAMA	22365-06	BOL	EXPORTACION	PRODUCTOS DE EXPORTACION	1
1900005000220	PROEXIDIN JABON QUIR 4% ESPUMA SENSOR BOLSA 1000ML	12111313E	BOL	EXPORTACION	PRODUCTOS DE EXPORTACION	1
1900005000222	PROEXIDIN JABON QUIR 4% ESPUMA SENSOR BOLSA 800ML	12111311E	BOL	EXPORTACION	PRODUCTOS DE EXPORTACION	1
1900005000225	PROEXIDIN JABON QUIR 4% ESPUMA MANUAL BOLSA 800ML	12111310E	BOL	EXPORTACION	PRODUCTOS DE EXPORTACION	1
1900005000230	PROEXIDIN JABON QUIRURGICO 4% FRASCO 60 ML	12111312E	UN	EXPORTACION	PRODUCTOS DE EXPORTACION	1
2000005000140	APOSITO SAFEDRESSING CHG 10 X 10	A-TL10	UN	IMPORTADOS DISPOSITIVOS MEDICO	APOSITOS	1
2000005000145	APOSITO SAFEDRESSING CHG 15 X 20	A-TL15	UN	IMPORTADOS DISPOSITIVOS MEDICO	APOSITOS	1
2000005000150	APOSITO SAFEDRESSING CHG 5 X 5	A-TL5	UN	IMPORTADOS DISPOSITIVOS MEDICO	APOSITOS	1
2000005000155	APOSITO SAFEDRESSING FOAM 10 X 10	A-SP1010	UN	IMPORTADOS DISPOSITIVOS MEDICO	APOSITOS	1
2000005000160	APOSITO SAFEDRESSING FOAM GENTLE 10 X 10	A-EG10	UN	IMPORTADOS DISPOSITIVOS MEDICO	APOSITOS	1
2000005000165	APOSITO SAFEDRESSING FOAM SACRUM	A-SP22	UN	IMPORTADOS DISPOSITIVOS MEDICO	APOSITOS	1
2000005000170	APOSITO SAFEDRESSING FOAM SILVER C 10 X 10	A-SPC10	UN	IMPORTADOS DISPOSITIVOS MEDICO	APOSITOS	1
2000005000175	APOSITO SAFEDRESSING FOAM SILVER C 15 X 15	A-SPC15	UN	IMPORTADOS DISPOSITIVOS MEDICO	APOSITOS	1
2000005000180	APOSITO SAFEDRESSING GENTLE 15 X 15	A-EG15	UN	IMPORTADOS DISPOSITIVOS MEDICO	APOSITOS	1
2000005000185	APOSITO SAFEDRESSING INCISE 15 X 28	A-IN1528	UN	IMPORTADOS DISPOSITIVOS MEDICO	APOSITOS	1
2000005000190	APOSITO SAFEDRESSING INCISE 28 X 45	A-IN2845	UN	IMPORTADOS DISPOSITIVOS MEDICO	APOSITOS	1
2000005000195	APOSITO SAFEDRESSING INCISE 30 X 28	A-IN3028	UN	IMPORTADOS DISPOSITIVOS MEDICO	APOSITOS	1
2000005000200	APOSITO SAFEDRESSING INCISE 55 X 45	A-IN4555	UN	IMPORTADOS DISPOSITIVOS MEDICO	APOSITOS	1
2000005000205	APOSITO SAFEDRESSING INCISE LODINE 30 X 28	A-IY3028	UN	IMPORTADOS DISPOSITIVOS MEDICO	APOSITOS	1
2000005000210	APOSITO SAFEDRESSING INCISE LODINE 45 X 55	A-IY4555	UN	IMPORTADOS DISPOSITIVOS MEDICO	APOSITOS	1
2000005000215	APOSITO SAFEDRESSING IV 10 X 12	A-IVFS1012	UN	IMPORTADOS DISPOSITIVOS MEDICO	APOSITOS	1
2000005000220	APOSITO SAFEDRESSING IV 6 X 7	A-IVFS67	UN	IMPORTADOS DISPOSITIVOS MEDICO	APOSITOS	1
2000005000225	APOSITO SAFEDRESSING IV 7 X 9	A-IVFS79	UN	IMPORTADOS DISPOSITIVOS MEDICO	APOSITOS	1
2000005000230	APOSITO SAFEDRESSING IV 8.5 X 11.5	A-IVFS8511	UN	IMPORTADOS DISPOSITIVOS MEDICO	APOSITOS	1
2000005000235	APOSITO SAFEDRESSING SURGICAL NONSTICK 10 X 8	A-E810	UN	IMPORTADOS DISPOSITIVOS MEDICO	APOSITOS	1
2000005000240	APOSITO SAFEDRESSING SURGICAL NONSTICK 15 X 8	A-E815	UN	IMPORTADOS DISPOSITIVOS MEDICO	APOSITOS	1
2000005000245	APOSITO SAFEDRESSING SURGICAL NONSTICK 20 X 10	A-E1020	UN	IMPORTADOS DISPOSITIVOS MEDICO	APOSITOS	1
2000005000250	APOSITO SAFEDRESSING SURGICAL NONSTICK 25 X 10	A-E1025	UN	IMPORTADOS DISPOSITIVOS MEDICO	APOSITOS	1
2000005000255	APOSITO SAFEDRESSING SURGICAL NONSTICK 30 X 10	A-E1030	UN	IMPORTADOS DISPOSITIVOS MEDICO	APOSITOS	1
2000005000260	APOSITO SAFEDRESSING SURGICAL PU 10 X 25	A-PPU1025	UN	IMPORTADOS DISPOSITIVOS MEDICO	APOSITOS	1
2000005000265	APOSITO SAFEDRESSING SURGICAL PU 7 X 6	A-PPU76	UN	IMPORTADOS DISPOSITIVOS MEDICO	APOSITOS	1
2000005000270	APOSITO SAFEDRESSING SURGICAL PU 8.25 X 10	A-PPU8210	UN	IMPORTADOS DISPOSITIVOS MEDICO	APOSITOS	1
2000005000275	APOSITO SAFEDRESSING SURGICAL PU 8.25 X 15	A-PPU8215	UN	IMPORTADOS DISPOSITIVOS MEDICO	APOSITOS	1
2000005000280	APOSITO SAFEDRESSING SURGICAL SILVER 10 X 25	A-1025SSS	UN	IMPORTADOS DISPOSITIVOS MEDICO	APOSITOS	1
2000005000285	APOSITO SAFEDRRESSING CHG 15 X 1 M	A-TLR1	UN	IMPORTADOS DISPOSITIVOS MEDICO	APOSITOS	1
2000005000290	KIT DE APOSITO ESPUMA HIDROFOBICA BLANCA MEDIUM	84635400611	UN	IMPORTADOS DISPOSITIVOS MEDICO	APOSITOS	1
2000005000295	KIT DE APOSITO ESPUMA HIDROFOBICA BLANCA SMALL	84635400609	UN	IMPORTADOS DISPOSITIVOS MEDICO	APOSITOS	1
2000005000300	KIT DE APOSITO ESPUMA HIDROFOBICA LARGE	0585	KIT	IMPORTADOS DISPOSITIVOS MEDICO	APOSITOS	1
2000005000305	KIT DE APOSITO ESPUMA HIDROFOBICA LARGE ADVANCED	84635400733	UN	IMPORTADOS DISPOSITIVOS MEDICO	APOSITOS	1
2000005000310	KIT DE APOSITO ESPUMA HIDROFOBICA LARGE+AP-PARAFIN	0585TLR1	UN	IMPORTADOS DISPOSITIVOS MEDICO	APOSITOS	1
2000005000315	KIT DE APOSITO ESPUMA HIDROFOBICA MEDIUM	0584	KIT	IMPORTADOS DISPOSITIVOS MEDICO	APOSITOS	1
2000005000320	KIT DE APOSITO ESPUMA HIDROFOBICA MEDIUM ADVANCED	84635400732	UN	IMPORTADOS DISPOSITIVOS MEDICO	APOSITOS	1
2000005000325	KIT DE APOSITO ESPUMA HIDROFOBICA SMALL	0583	KIT	IMPORTADOS DISPOSITIVOS MEDICO	APOSITOS	1
2000005000330	KIT DE APOSITO ESPUMA HIDROFOBICA SMALL ADVANCED	84635400731	UN	IMPORTADOS DISPOSITIVOS MEDICO	APOSITOS	1
2000005000335	SAFEDRESSING CHG 10 X 10 CJ X 10	TL10	CJ	IMPORTADOS DISPOSITIVOS MEDICO	APOSITOS	1
2000005000340	SAFEDRESSING CHG 15 X 20 CJ X 10	TL15	CJ	IMPORTADOS DISPOSITIVOS MEDICO	APOSITOS	1
2000005000345	SAFEDRESSING CHG 15CM X 1M TULL PLUS 1015	TLR1	UN	IMPORTADOS DISPOSITIVOS MEDICO	APOSITOS	1
2000005000350	SAFEDRESSING CHG 5 X 5 CJ X 50	TL5	CJ	IMPORTADOS DISPOSITIVOS MEDICO	APOSITOS	1
2000005000355	SAFEDRESSING FOAM 10 X 10 CJ X 10	SP1010	CJ	IMPORTADOS DISPOSITIVOS MEDICO	APOSITOS	1
2000005000360	SAFEDRESSING FOAM 15 X 15 CJ X 10	SP1515	CJ	IMPORTADOS DISPOSITIVOS MEDICO	APOSITOS	1
2000005000365	SAFEDRESSING FOAM CODO Y TALON CJ X 10	SP1213	CJ	IMPORTADOS DISPOSITIVOS MEDICO	APOSITOS	1
2000005000370	SAFEDRESSING FOAM GENTLE 10 X 10 CJ X 10	EG10	CJ	IMPORTADOS DISPOSITIVOS MEDICO	APOSITOS	1
2000005000375	SAFEDRESSING FOAM GENTLE 15 X 15 CJ X 10	EG15	CJ	IMPORTADOS DISPOSITIVOS MEDICO	APOSITOS	1
2000005000380	SAFEDRESSING FOAM SACRUM CJ X 10	SP22	CJ	IMPORTADOS DISPOSITIVOS MEDICO	APOSITOS	1
2000005000385	SAFEDRESSING FOAM SILVER C 10 X 10 CJ X 5	SPC10	CJ	IMPORTADOS DISPOSITIVOS MEDICO	APOSITOS	1
2000005000390	SAFEDRESSING FOAM SILVER C 15 X 15 CJ X 5	SPC15	CJ	IMPORTADOS DISPOSITIVOS MEDICO	APOSITOS	1
2000005000395	SAFEDRESSING INCISE 15 X 28 CJ 10	IN1528	CJ	IMPORTADOS DISPOSITIVOS MEDICO	APOSITOS	1
2000005000400	SAFEDRESSING INCISE 28 X 45 CJ 10	IN2845	CJ	IMPORTADOS DISPOSITIVOS MEDICO	APOSITOS	1
2000005000405	SAFEDRESSING INCISE 30 X 28 CJ 10	IN3028	CJ	IMPORTADOS DISPOSITIVOS MEDICO	APOSITOS	1
2000005000410	SAFEDRESSING INCISE 55 X 45 CJ 10	IN4555	CJ	IMPORTADOS DISPOSITIVOS MEDICO	APOSITOS	1
2000005000415	SAFEDRESSING INCISE IODINE 45 X 55 CJ 10	IY4555	CJ	IMPORTADOS DISPOSITIVOS MEDICO	APOSITOS	1
2000005000420	SAFEDRESSING INCISE LODINE 30 X 28 CJ X 10	IY3028	CJ	IMPORTADOS DISPOSITIVOS MEDICO	APOSITOS	1
2000005000425	SAFEDRESSING IV 10 X 12 CJ X 50	IVFS1012	CJ	IMPORTADOS DISPOSITIVOS MEDICO	APOSITOS	1
2000005000430	SAFEDRESSING IV 6 X 7 CJ X 100	IVFS67	CJ	IMPORTADOS DISPOSITIVOS MEDICO	APOSITOS	1
2000005000435	SAFEDRESSING IV 7 X 9 CJ X 100	IVFS79	CJ	IMPORTADOS DISPOSITIVOS MEDICO	APOSITOS	1
2000005000440	SAFEDRESSING IV 8.5 X 11.5 CJ X 50	IVFS8511	CJ	IMPORTADOS DISPOSITIVOS MEDICO	APOSITOS	1
2000005000445	SAFEDRESSING SURG PU 8.25 X 10	PPU8210-U	UN	IMPORTADOS DISPOSITIVOS MEDICO	APOSITOS	1
2000005000450	SAFEDRESSING SURGICAL NONSTICK 10 X 8 CJ X 20	E810	CJ	IMPORTADOS DISPOSITIVOS MEDICO	APOSITOS	1
2000005000455	SAFEDRESSING SURGICAL NONSTICK 15 X 8 CJ X 20	E815	CJ	IMPORTADOS DISPOSITIVOS MEDICO	APOSITOS	1
2000005000460	SAFEDRESSING SURGICAL NONSTICK 20 X 10 CJ X 20	E1020	CJ	IMPORTADOS DISPOSITIVOS MEDICO	APOSITOS	1
2000005000465	SAFEDRESSING SURGICAL NONSTICK 25 X 10 CJ X 20	E1025	CJ	IMPORTADOS DISPOSITIVOS MEDICO	APOSITOS	1
2000005000470	SAFEDRESSING SURGICAL NONSTICK 30 X 10 CJ X 20	E1030	CJ	IMPORTADOS DISPOSITIVOS MEDICO	APOSITOS	1
2000005000475	SAFEDRESSING SURGICAL PU 10 X 25 CJ X 20	PPU1025	CJ	IMPORTADOS DISPOSITIVOS MEDICO	APOSITOS	1
2000005000480	SAFEDRESSING SURGICAL PU 7 X 6 CJ X 20	PPU76	CJ	IMPORTADOS DISPOSITIVOS MEDICO	APOSITOS	1
2000005000485	SAFEDRESSING SURGICAL PU 8.25 X 10 CJ X 20	PPU8210	CJ	IMPORTADOS DISPOSITIVOS MEDICO	APOSITOS	1
2000005000490	SAFEDRESSING SURGICAL PU 8.25 X 15 CJ X 20	PPU8215	CJ	IMPORTADOS DISPOSITIVOS MEDICO	APOSITOS	1
2000005000495	SAFEDRESSING SURGICAL SILVER 10 X 20 CJ X 20	1020	CJ	IMPORTADOS DISPOSITIVOS MEDICO	APOSITOS	1
2000005000500	SAFEDRESSING SURGICAL SILVER 10 X 25 CJ X 20	1025SSS	CJ	IMPORTADOS DISPOSITIVOS MEDICO	APOSITOS	1
2000005000505	CAVIDAGEL 15 GM	CAV15	UN	IMPORTADOS DISPOSITIVOS MEDICO	APOSITOS	1
2000005000506	APOSITO TRANSP IV 7X9 CX50 DIS LEUKOMED	7239005		IMPORTADOS DISPOSITIVOS MEDICO	APOSITOS	1
2000005000510	APOSITO SAFEDRESSING FOAM 15 X 15	A-SP1515	CJ	IMPORTADOS DISPOSITIVOS MEDICO	APOSITOS	1
2000015000005	VENDA ADHESIVA PHARMAFIX 10X10M RL	FIX1010	RL	IMPORTADOS DISPOSITIVOS MEDICO	VENDAS	1
2000015000010	VENDA ADHESIVA PHARMAFIX 15X10M ROLLO	FIX1510	RL	IMPORTADOS DISPOSITIVOS MEDICO	VENDAS	1
2000015000015	VENDA ALTA COMPRESION ELASTOMEDIC 10CM X 5M(ESTIRA	13304	UN	IMPORTADOS DISPOSITIVOS MEDICO	VENDAS	1
2000015000020	VENDA ALTA COMPRESION ELASTOMEDIC 5CM X 5M(ESTIRA	13301	UN	IMPORTADOS DISPOSITIVOS MEDICO	VENDAS	1
2000015000025	VENDA ALTA COMPRESION ELASTOMEDIC 7.5CMX5M(ESTIRAD	13303	UN	IMPORTADOS DISPOSITIVOS MEDICO	VENDAS	1
2000015000030	VENDA DE MALLA TUBULAR CAL 1X2M (ESTIRADA)	13701	UN	IMPORTADOS DISPOSITIVOS MEDICO	VENDAS	1
2000015000035	VENDA FHARMAFIX 5.5X10 M ROLLO	FIX5010	RL	IMPORTADOS DISPOSITIVOS MEDICO	VENDAS	1
2000015000040	VENDA PHARMAFIX TRANSPARENTE PU 10X10 M CJX1ROLLO	FPU1010	RL	IMPORTADOS DISPOSITIVOS MEDICO	VENDAS	1
2000015000045	VENDA PHARMAFIX TRANSPARENTE PU 15X10 M CX1 ROLLO	FPU1510	RL	IMPORTADOS DISPOSITIVOS MEDICO	VENDAS	1
2000015000050	VENDA PHARMAFIX TRANSPARENTE PU 5.5X10M ROLLO	FPU5010	RL	IMPORTADOS DISPOSITIVOS MEDICO	VENDAS	1
2000015000055	VENDA VENA CON OXIDO DE ZINC 10.2X9.1M	10759	UN	IMPORTADOS DISPOSITIVOS MEDICO	VENDAS	1
2000015000060	VENDA VENA CON OXIDO DE ZINC 7.6X9.1M	10758	UN	IMPORTADOS DISPOSITIVOS MEDICO	VENDAS	1
2000015000065	VENDA VENA CON OXIDO ZINC+CALAMINA 10.2 CM X 9.1M	10761	UN	IMPORTADOS DISPOSITIVOS MEDICO	VENDAS	1
2000015000070	VENDA VENA OXIDO DE ZIC + CALAMINA 7.6CM X9.1M	10760	UN	IMPORTADOS DISPOSITIVOS MEDICO	VENDAS	1
2000020000005	KIT DE TRACCION CUTANEA CURE AID ADULTO	1134	UN	IMPORTADOS DISPOSITIVOS MEDICO	TRACCION CUTANEA	1
2000020000010	KIT DE TRACCION CUTANEA CURE AID NIÑO	1135	UN	IMPORTADOS DISPOSITIVOS MEDICO	TRACCION CUTANEA	1
2000025000030	MALLA SURGIMESH 1 30X30CM	53030P	UN	IMPORTADOS DISPOSITIVOS MEDICO	MALLA TUBULAR	1
2000025000035	MALLA SURGIMESH 1 6X11CM	59611P	UN	IMPORTADOS DISPOSITIVOS MEDICO	MALLA TUBULAR	1
2000025000040	MALLA SURGIMESH 15X15CM	41515P	UN	IMPORTADOS DISPOSITIVOS MEDICO	MALLA TUBULAR	1
2000025000045	MALLA SURGIMESH M SLING MASCULINA 42X1.5X3CM	HO02G	UN	IMPORTADOS DISPOSITIVOS MEDICO	MALLA TUBULAR	1
2000025000050	MALLA SURGIMESH PROLAPSE VAGINAL 5X10CM	V510P-2R	UN	IMPORTADOS DISPOSITIVOS MEDICO	MALLA TUBULAR	1
2000025000055	MALLA SURGIMESH PROLAPSE VAGINAL 5X7CM	V511P-4C	UN	IMPORTADOS DISPOSITIVOS MEDICO	MALLA TUBULAR	1
2000025000060	MALLA SURGIMESH WN 15X18CM	T1518-8	UN	IMPORTADOS DISPOSITIVOS MEDICO	MALLA TUBULAR	1
2000025000065	MALLA SURGIMESH WN 30X30CM	T3030	UN	IMPORTADOS DISPOSITIVOS MEDICO	MALLA TUBULAR	1
2000025000070	MALLA SURGIMESH X D WN 11X15 CM	3D1115-8	UN	IMPORTADOS DISPOSITIVOS MEDICO	MALLA TUBULAR	1
2000025000075	MALLA SURGIMESH XB 30X30X20 CM	TINTRAE3030	UN	IMPORTADOS DISPOSITIVOS MEDICO	MALLA TUBULAR	1
2000025000080	MALLA TUBULAR CALIBRE 2X2M (ESTIRADA)	13702	UN	IMPORTADOS DISPOSITIVOS MEDICO	MALLA TUBULAR	1
2000025000085	MALLA TUBULAR CALIBRE 3 X20M (ESTIRADA)	13711	UN	IMPORTADOS DISPOSITIVOS MEDICO	MALLA TUBULAR	1
2000025000090	MALLA TUBULAR CALIBRE 3X2M (ESTIRADA)	13703	UN	IMPORTADOS DISPOSITIVOS MEDICO	MALLA TUBULAR	1
2000025000095	MALLA TUBULAR CALIBRE 4 X 2M (ESTIRADA)	13704	UN	IMPORTADOS DISPOSITIVOS MEDICO	MALLA TUBULAR	1
2000025000100	MALLA TUBULAR CALIBRE 4 X20M	13712	UN	IMPORTADOS DISPOSITIVOS MEDICO	MALLA TUBULAR	1
2000025000105	MALLA TUBULAR CALIBRE 5 C2M (ESTIRADA)	13705	UN	IMPORTADOS DISPOSITIVOS MEDICO	MALLA TUBULAR	1
2000025000110	MALLA TUBULAR CALIBRE 5X20M(ESTIRADA)	13713	UN	IMPORTADOS DISPOSITIVOS MEDICO	MALLA TUBULAR	1
2000025000115	MALLA TUBULAR CALIBRE 6 X 20M (ESTIRADA)	13714	UN	IMPORTADOS DISPOSITIVOS MEDICO	MALLA TUBULAR	1
2000025000120	MALLA TUBULAR CALIBRE 6 X 2M (ESTIRADA)	13706	UN	IMPORTADOS DISPOSITIVOS MEDICO	MALLA TUBULAR	1
2000030000005	EMBARAZO ATM1523HG NEGRO T-L P/CERRADO	VL245BL	PAR	IMPORTADOS DISPOSITIVOS MEDICO	MEDIAS	1
2000030000010	EMBARAZO ATM1523HG NEGRO T-M P/CERRADO	VL244BL	UN	IMPORTADOS DISPOSITIVOS MEDICO	MEDIAS	1
2000030000015	EMBARAZO ATM1523HG NEGRO T-S P/CERRADO	VL243BL	PAR	IMPORTADOS DISPOSITIVOS MEDICO	MEDIAS	1
2000030000020	EMBARAZO ATM1523HG NEGRO T-XL P/CERRADO	VL246BL	PAR	IMPORTADOS DISPOSITIVOS MEDICO	MEDIAS	1
2000030000025	EMBARAZO ATM1523HG NEGRO T-XXL P/CERRADO	VL247BL	PAR	IMPORTADOS DISPOSITIVOS MEDICO	MEDIAS	1
2000030000030	EMBARAZO ATM1523HG SAHARA T-L P/ABIERTO	VLA245SA	PAR	IMPORTADOS DISPOSITIVOS MEDICO	MEDIAS	1
2000030000035	EMBARAZO ATM1523HG SAHARA T-M P/ABIERTO	VLA244SA	PAR	IMPORTADOS DISPOSITIVOS MEDICO	MEDIAS	1
2000030000040	EMBARAZO ATM1523HG SAHARA T-S P/ABIERTO	VLA243SA	PAR	IMPORTADOS DISPOSITIVOS MEDICO	MEDIAS	1
2000030000045	EMBARAZO ATM1523HG SAHARA T-XL P/ABIERTO	VLA246SA	PAR	IMPORTADOS DISPOSITIVOS MEDICO	MEDIAS	1
2000030000050	EMBARAZO ATM1523HG SAHARA T-XXL P/ABIERTO	VLA247SA	PAR	IMPORTADOS DISPOSITIVOS MEDICO	MEDIAS	1
2000030000055	MANGA BRAZO BH3040 COTTON BEIGE T-L CORTA	BR72503	UN	IMPORTADOS DISPOSITIVOS MEDICO	MEDIAS	1
2000030000060	MANGA BRAZO BH3040 COTTON BEIGE T-L LARGA	BR72511	UN	IMPORTADOS DISPOSITIVOS MEDICO	MEDIAS	1
2000030000065	MANGA BRAZO BH3040 COTTON BEIGE T-M CORTA	BR72502	UN	IMPORTADOS DISPOSITIVOS MEDICO	MEDIAS	1
2000030000070	MANGA BRAZO BH3040 COTTON BEIGE T-M LARGA	BR72510	UN	IMPORTADOS DISPOSITIVOS MEDICO	MEDIAS	1
2000030000075	MANGA BRAZO BH3040 COTTON BEIGE T-S CORTA	BR72501	UN	IMPORTADOS DISPOSITIVOS MEDICO	MEDIAS	1
2000030000080	MANGA BRAZO BH3040 COTTON BEIGE T-S LARGA	BR72509	UN	IMPORTADOS DISPOSITIVOS MEDICO	MEDIAS	1
2000030000085	MANGA BRAZO ZH3040 COTTON BEIGE T-L CORTA	BR72519	UN	IMPORTADOS DISPOSITIVOS MEDICO	MEDIAS	1
2000030000090	MANGA BRAZO ZH3040 COTTON BEIGE T-L LARGA	BR72527	UN	IMPORTADOS DISPOSITIVOS MEDICO	MEDIAS	1
2000030000095	MANGA BRAZO ZH3040 COTTON BEIGE T-M CORTA	BR72518	UN	IMPORTADOS DISPOSITIVOS MEDICO	MEDIAS	1
2000030000100	MANGA BRAZO ZH3040 COTTON BEIGE T-M LARGA	BR72526	UN	IMPORTADOS DISPOSITIVOS MEDICO	MEDIAS	1
2000030000105	MANGA BRAZO ZH3040 COTTON BEIGE T-S CORTA	BR72517	UN	IMPORTADOS DISPOSITIVOS MEDICO	MEDIAS	1
2000030000110	MANGA BRAZO ZH3040 COTTON BEIGE T-S LARGA	BR72525	UN	IMPORTADOS DISPOSITIVOS MEDICO	MEDIAS	1
2000030000115	MUSLO SILICON AGH1523 NEGRO T-M P/CERRADO	VL224BL	PAR	IMPORTADOS DISPOSITIVOS MEDICO	MEDIAS	1
2000030000120	MUSLO SILICON AGH1523 NEGRO T-S P/CERRADO	VL223BL	PAR	IMPORTADOS DISPOSITIVOS MEDICO	MEDIAS	1
2000030000125	MUSLO SILICON AGH1523 NEGRO XL P/CERRAD0	VL226BL	PAR	IMPORTADOS DISPOSITIVOS MEDICO	MEDIAS	1
2000030000130	MUSLO SILICON AGH1523 OLINDA T/L P/CERRADO	VL225OL	PAR	IMPORTADOS DISPOSITIVOS MEDICO	MEDIAS	1
2000030000135	MUSLO SILICON AGH1523 OLINDA XL P/CERRADO	VL226OL	PAR	IMPORTADOS DISPOSITIVOS MEDICO	MEDIAS	1
2000030000140	MUSLO SILICON AGH1523 SAHARA T-S P/ABIERTO	VLA223SA	PAR	IMPORTADOS DISPOSITIVOS MEDICO	MEDIAS	1
2000030000145	MUSLO SILICON AGH1523 SAHARA XL P/ABIERTO	VLA226SA	PAR	IMPORTADOS DISPOSITIVOS MEDICO	MEDIAS	1
2000030000150	MUSLO SILICON AGH1523 T/L P/CERRADO	VL225SA	PAR	IMPORTADOS DISPOSITIVOS MEDICO	MEDIAS	1
2000030000155	MUSLO SILICON AGH1523 T/S SAHARA P/CERRADO	VL223SA	PAR	IMPORTADOS DISPOSITIVOS MEDICO	MEDIAS	1
2000030000160	MUSLO SILICON AGH1523 XL P/CERRADO	VL226SA	PAR	IMPORTADOS DISPOSITIVOS MEDICO	MEDIAS	1
2000030000165	MUSLO SILICON AGH1523OLINDA T/M P/CERRADO	VL224OL	PAR	IMPORTADOS DISPOSITIVOS MEDICO	MEDIAS	1
2000030000170	MUSLO SILICON AGH1523T/M SAHARA P/CERRADO	VL224SA	PAR	IMPORTADOS DISPOSITIVOS MEDICO	MEDIAS	1
2000030000175	MUSLO SILICON AGH6000-2030 BEIGE T-L P/CERR	BR6201224	PAR	IMPORTADOS DISPOSITIVOS MEDICO	MEDIAS	1
2000030000180	MUSLO SILICON AGH6000-2030 BEIGE T-M P/CERR	BR6201223	PAR	IMPORTADOS DISPOSITIVOS MEDICO	MEDIAS	1
2000030000185	MUSLO SILICON AGH6000-2030 BEIGE T-S P/CERRADO	BR6201222	PAR	IMPORTADOS DISPOSITIVOS MEDICO	MEDIAS	1
2000030000190	MUSLO SILICON AGH6000-2030 BEIGE T-XL P/CERR	BR6201225	UN	IMPORTADOS DISPOSITIVOS MEDICO	MEDIAS	1
2000030000195	MUSLO SILICON AGH6000-2030 BRONC T-XL P/CERR	BR6202225	PAR	IMPORTADOS DISPOSITIVOS MEDICO	MEDIAS	1
2000030000200	MUSLO SILICON AGH6000-2030 BRONCE T-L P/CERR	BR6202224	PAR	IMPORTADOS DISPOSITIVOS MEDICO	MEDIAS	1
2000030000205	MUSLO SILICON AGH6000-2030 BRONCE T-M P/CERR	BR6202223	PAR	IMPORTADOS DISPOSITIVOS MEDICO	MEDIAS	1
2000030000210	MUSLO SILICON AGH6000-2030 BRONCE T-S P/CERR	BR6202222	PAR	IMPORTADOS DISPOSITIVOS MEDICO	MEDIAS	1
2000030000215	MUSLO SILICONA AGH 1523OLINDA T/ S P/CERRADO	VL223OL	PAR	IMPORTADOS DISPOSITIVOS MEDICO	MEDIAS	1
2000030000220	PANTIMEDIA AT1523HG NEGRO T-L PIE CERRADO	VL235BL	PAR	IMPORTADOS DISPOSITIVOS MEDICO	MEDIAS	1
2000030000225	PANTIMEDIA AT1523HG NEGRO T-S PIE CERRADO	VL233BL	PAR	IMPORTADOS DISPOSITIVOS MEDICO	MEDIAS	1
2000030000230	PANTIMEDIA AT1523HG NEGRO T-XXL PIE CERRADO	VL237BL	PAR	IMPORTADOS DISPOSITIVOS MEDICO	MEDIAS	1
2000030000235	PANTIMEDIA AT1523HG SAHARA T-L P/ABIERTO	VLA235SA	PAR	IMPORTADOS DISPOSITIVOS MEDICO	MEDIAS	1
2000030000240	PANTIMEDIA AT1523HG SAHARA T-M P/ABIERTO	VLA234SA	PAR	IMPORTADOS DISPOSITIVOS MEDICO	MEDIAS	1
2000030000245	PANTIMEDIA AT1523HG SAHARA T-S P/ABIERTO	VLA233SA	PAR	IMPORTADOS DISPOSITIVOS MEDICO	MEDIAS	1
2000030000250	PANTIMEDIA AT1523HG SAHARA T-XL P/ABIERTO	VLA236SA	PAR	IMPORTADOS DISPOSITIVOS MEDICO	MEDIAS	1
2000030000255	PANTIMEDIA AT1523HG SAHARA T-XXL P/ABIERTO	VLA237SA	PAR	IMPORTADOS DISPOSITIVOS MEDICO	MEDIAS	1
2000030000260	PANTIMEDIA AT6000-2030 BEIGE T-L PIE CERRADO	BR6201324	PAR	IMPORTADOS DISPOSITIVOS MEDICO	MEDIAS	1
2000030000265	PANTIMEDIA AT6000-2030 BEIGE T-M PIE CERRADO	BR6201323	PAR	IMPORTADOS DISPOSITIVOS MEDICO	MEDIAS	1
2000030000270	PANTIMEDIA AT6000-2030 BEIGE T-S PIE CERRADO	BR6201322	PAR	IMPORTADOS DISPOSITIVOS MEDICO	MEDIAS	1
2000030000275	PANTIMEDIA AT6000-2030 BEIGE T-XL PIE CERRADO	BR6201325	PAR	IMPORTADOS DISPOSITIVOS MEDICO	MEDIAS	1
2000030000280	PANTIMEDIA AT6000-2030 BRONCE T-L PIE CERRADO	BR6202324	PAR	IMPORTADOS DISPOSITIVOS MEDICO	MEDIAS	1
2000030000285	PANTIMEDIA AT6000-2030 BRONCE T-S PIE CERRADO	BR6202322	PAR	IMPORTADOS DISPOSITIVOS MEDICO	MEDIAS	1
2000030000290	PANTIMEDIA LEGLINE1523 L SAHARA P/CERRADO	VL235SA	PAR	IMPORTADOS DISPOSITIVOS MEDICO	MEDIAS	1
2000030000295	PANTIMEDIA LEGLINE1523 M SAHARA P/CERRADO	VL234SA	PAR	IMPORTADOS DISPOSITIVOS MEDICO	MEDIAS	1
2000030000300	PANTIMEDIA LEGLINE1523 XL SAHARA P/CERRADO	VL236SA	PAR	IMPORTADOS DISPOSITIVOS MEDICO	MEDIAS	1
2000030000305	PANTIMEDIA LEGLINE1523OLINDA T/S P/CERRADO	VL233OL	UN	IMPORTADOS DISPOSITIVOS MEDICO	MEDIAS	1
2000030000310	PANTMEDIA LEGLINE1523 OLINDA XL P/CERRADO	VL236OL	PAR	IMPORTADOS DISPOSITIVOS MEDICO	MEDIAS	1
2000030000315	PANTMEDIA LEGLINE1523T/L OLINDA P/CERRADO	VL235OL	PAR	IMPORTADOS DISPOSITIVOS MEDICO	MEDIAS	1
2000030000320	RODILLA AD 6000-2030 BEIGE T-L P/CERRADO T-L	BR6201124	PAR	IMPORTADOS DISPOSITIVOS MEDICO	MEDIAS	1
2000030000325	RODILLA AD 6000-2030 BEIGE T-M P/CERRADO	BR6201123	PAR	IMPORTADOS DISPOSITIVOS MEDICO	MEDIAS	1
2000030000330	RODILLA AD 6000-2030 BEIGE T-S P/CERRADO	BR6201122	UN	IMPORTADOS DISPOSITIVOS MEDICO	MEDIAS	1
2000030000335	RODILLA AD 6000-2030 BEIGE T-XL P/CERRADO	BR6201125	PAR	IMPORTADOS DISPOSITIVOS MEDICO	MEDIAS	1
2000030000340	RODILLA AD1523 OLINDA T/L P/CERRADO	VL205OL	PAR	IMPORTADOS DISPOSITIVOS MEDICO	MEDIAS	1
2000030000345	RODILLA AD1523 OLINDA T/M P/CERRADO	VL204OL	PAR	IMPORTADOS DISPOSITIVOS MEDICO	MEDIAS	1
2000030000350	RODILLA AD1523 OLINDA T/S P/CERRADO	VL203OL	PAR	IMPORTADOS DISPOSITIVOS MEDICO	MEDIAS	1
2000030000355	RODILLA AD1523HG NEGRO T-L P/CERRADO	VL205BL	PAR	IMPORTADOS DISPOSITIVOS MEDICO	MEDIAS	1
2000030000360	RODILLA AD1523HG NEGRO T-M P/CERRADO	VL204BL	UN	IMPORTADOS DISPOSITIVOS MEDICO	MEDIAS	1
2000030000365	RODILLA AD1523HG NEGRO T-S P/CERRADO	VL203BL	UN	IMPORTADOS DISPOSITIVOS MEDICO	MEDIAS	1
2000030000370	RODILLA AD1523HG SAHARA T-S P/ABIERTO	VLA203SA	PAR	IMPORTADOS DISPOSITIVOS MEDICO	MEDIAS	1
2000030000375	RODILLA AD2040HG COTTON BEIGE T-XL LARGA	BR72012	UN	IMPORTADOS DISPOSITIVOS MEDICO	MEDIAS	1
2000030000380	RODILLA AD3030HG COTTON BEIGE T-M CORTA	BR72002	PAR	IMPORTADOS DISPOSITIVOS MEDICO	MEDIAS	1
2000030000385	RODILLA AD3040 HG COTTON BEIGE T- S CORTA	BR72001	PAR	IMPORTADOS DISPOSITIVOS MEDICO	MEDIAS	1
2000030000390	RODILLA AD3040HG COTTON BEIGE T-L CORTA	BR72003	PAR	IMPORTADOS DISPOSITIVOS MEDICO	MEDIAS	1
2000030000395	RODILLA AD3040HG COTTON BEIGE T-L LARGA	BR72011	PAR	IMPORTADOS DISPOSITIVOS MEDICO	MEDIAS	1
2000030000400	RODILLA AD3040HG COTTON BEIGE T-M LARGA	BR72010	PAR	IMPORTADOS DISPOSITIVOS MEDICO	MEDIAS	1
2000030000405	RODILLA AD3040HG COTTON BEIGE T-S LARGA	BR72009	PAR	IMPORTADOS DISPOSITIVOS MEDICO	MEDIAS	1
2000030000410	RODILLA AD3040HG COTTON BEIGE T-XL CORTA	BR72004	PAR	IMPORTADOS DISPOSITIVOS MEDICO	MEDIAS	1
2000030000415	RODILLA AD3040HG COTTON BEIGE T-XXL CORTA	BR72005	PAR	IMPORTADOS DISPOSITIVOS MEDICO	MEDIAS	1
2000030000420	RODILLA AD3040HG COTTON BEIGE T-XXL LARGA	BR72013	PAR	IMPORTADOS DISPOSITIVOS MEDICO	MEDIAS	1
2000030000425	RODILLA AD4000-2030 BEIGE T-L P/CERRADO	BG41013	PAR	IMPORTADOS DISPOSITIVOS MEDICO	MEDIAS	1
2000030000430	RODILLA AD4000-2030 BEIGE T-M P/CERRADO	BG41012	PAR	IMPORTADOS DISPOSITIVOS MEDICO	MEDIAS	1
2000030000435	RODILLA AD4000-2030 BEIGE T-S P/CERRADO	BG41011	PAR	IMPORTADOS DISPOSITIVOS MEDICO	MEDIAS	1
2000030000440	RODILLA AD4000-2030 BEIGE T-XL P/CERRADO	BG41014	PAR	IMPORTADOS DISPOSITIVOS MEDICO	MEDIAS	1
2000030000445	RODILLA AD4000-2030 NEGRO T-L P/CERRADO	BN41013	PAR	IMPORTADOS DISPOSITIVOS MEDICO	MEDIAS	1
2000030000450	RODILLA AD4000-2030 NEGRO T-M P/CERRADO	BN41012	UN	IMPORTADOS DISPOSITIVOS MEDICO	MEDIAS	1
2000030000455	RODILLA AD4000-2030 NEGRO T-S P/CERRADO	BN41011	PAR	IMPORTADOS DISPOSITIVOS MEDICO	MEDIAS	1
2000030000460	RODILLA AD4000-2030 NEGRO T-XL P/CERRADO	BN41014	UN	IMPORTADOS DISPOSITIVOS MEDICO	MEDIAS	1
2000030000465	RODILLA AD6000-2030 BROCE T-XL P/CERRADO	BR6202125	UN	IMPORTADOS DISPOSITIVOS MEDICO	MEDIAS	1
2000030000470	RODILLA AD6000-2030 BRONCE T-L P/CERRADO	BR6202124	PAR	IMPORTADOS DISPOSITIVOS MEDICO	MEDIAS	1
2000030000475	RODILLA AD6000-2030 BRONCE T-M P/CERRADO	BR6202123	PAR	IMPORTADOS DISPOSITIVOS MEDICO	MEDIAS	1
2000030000480	RODILLA AD6000-2030 BRONCE T-S P/CERRADO	BR6202122	UN	IMPORTADOS DISPOSITIVOS MEDICO	MEDIAS	1
2000030000485	RODILLA AD6000-2030 BRONCE T-XXL P/CERRADO	BR6202126	PAR	IMPORTADOS DISPOSITIVOS MEDICO	MEDIAS	1
2000030000490	RODILLA HOMBRE AD1822 BLANCO T-M P/CERRADO	SG59014	PAR	IMPORTADOS DISPOSITIVOS MEDICO	MEDIAS	1
2000030000495	RODILLA HOMBRE AD1822 MARRON T-S P/CERRADO	SG59009	PAR	IMPORTADOS DISPOSITIVOS MEDICO	MEDIAS	1
2000030000500	RODILLA HOMBRE AD1822 NEGRO T-S P/CERRADO	SG59005	PAR	IMPORTADOS DISPOSITIVOS MEDICO	MEDIAS	1
2000030000505	MALLA ELAST MANO MUÑECA 1.6X3	10118	UN	IMPORTADOS DISPOSITIVOS MEDICO	MEDIAS	1
2000030000510	MALLA ELAST RODILLA 2.1X3	10120	UN	IMPORTADOS DISPOSITIVOS MEDICO	MEDIAS	1
2000030000515	MALLA ELAST.RODILLA 2.1X10 UD	10113	UN	IMPORTADOS DISPOSITIVOS MEDICO	MEDIAS	1
2000030000520	MALLA ESLT.MANO MUÑECA BRAZO 1.6CM	10111	UN	IMPORTADOS DISPOSITIVOS MEDICO	MEDIAS	1
2000030000525	MALLA NO. 5 CABEZ 3MT MUESTRA	10140	UN	IMPORTADOS DISPOSITIVOS MEDICO	MEDIAS	1
2000030000530	APOSITO TRANSP IV 7X9 CX50 DIS LEUKOMED	7239005.	CJ	IMPORTADOS DISPOSITIVOS MEDICO	MEDIAS	1
2000035000005	CATETER EXTERNO MASCULINO 32mm	36306	UN	IMPORTADOS DISPOSITIVOS MEDICO	COLECTOR	1
2000035000010	CATETER FOLEY SILASTIC 2 V T M P. REDONDA 18FR	33418	UN	IMPORTADOS DISPOSITIVOS MEDICO	COLECTOR	1
2000035000015	CATETER FOLEY SILASTIC 2 V T M P. REDONDA 20FR	33420	UN	IMPORTADOS DISPOSITIVOS MEDICO	COLECTOR	1
2000035000020	CATETER FOLEY SILASTIC 2 V T M P. REDONDA 22FR	33422	UN	IMPORTADOS DISPOSITIVOS MEDICO	COLECTOR	1
2000035000025	CATETER FOLEY SILASTIC 2 V T M P. REDONDA 24 FR	33424	UN	IMPORTADOS DISPOSITIVOS MEDICO	COLECTOR	1
2000035000030	CATETER HIDROFILICO INTER. MASC. MAGIC 3 16 14FR	53614	UN	IMPORTADOS DISPOSITIVOS MEDICO	COLECTOR	1
2000035000035	CATETER HIDROFILICO INTER. MASC. MAGIC 3 16 16FR	53616	UN	IMPORTADOS DISPOSITIVOS MEDICO	COLECTOR	1
2000035000040	COLECTOR EXTERNO 29MM BANDA ADEHSIVA	36302	UN	IMPORTADOS DISPOSITIVOS MEDICO	COLECTOR	1
2000035000045	COLECTOR EXTERNO 29MM BANDA ADHESIVA	F03A012920	UN	IMPORTADOS DISPOSITIVOS MEDICO	COLECTOR	1
2000035000050	COLECTOR EXTERNO 32MM BANDA ADHESIVA	F03A033220	UN	IMPORTADOS DISPOSITIVOS MEDICO	COLECTOR	1
2000035000055	COLECTOR EXTERNO 36MM BANDA ADHESIVA	36304	UN	IMPORTADOS DISPOSITIVOS MEDICO	COLECTOR	1
2000035000060	COLECTOR EXTERNO 36MM BANDA ADHESIVA	F03A013610	UN	IMPORTADOS DISPOSITIVOS MEDICO	COLECTOR	1
2000035000065	COLECTOR EXTERNO 36MM NATURAL UD.	38304	UN	IMPORTADOS DISPOSITIVOS MEDICO	COLECTOR	1
2000040000005	DRENAJE I CAMARA BICAKCILAR	1762001A	UN	IMPORTADOS DISPOSITIVOS MEDICO	DRENAJE	1
2000040000010	SUJETADOR NASAL XA APOSITO DRENAJE	600	UN	IMPORTADOS DISPOSITIVOS MEDICO	DRENAJE	1
2000045000005	CLIPS MEDIUM AZUL CX120 ACKERMAN	AI74CM6	CJ	IMPORTADOS DISPOSITIVOS MEDICO	CLIPS	1
2000045000010	CLIPS ML VERDE CX120CLIPS ENDOSCOPICO	AI74CML6	CJ	IMPORTADOS DISPOSITIVOS MEDICO	CLIPS	1
2000045000015	CLIPS ROJO LARGO CX120CLIPS	AI74CL6	CJ	IMPORTADOS DISPOSITIVOS MEDICO	CLIPS	1
2000045000020	CLIPS SMALL AMARILLO CX120	AI74CS6	CJ	IMPORTADOS DISPOSITIVOS MEDICO	CLIPS	1
2000050000005	KIT CANISTER 250S	66800058	UN	IMPORTADOS DISPOSITIVOS MEDICO	CANISTER	1
2000050000010	KIT CANISTER 800CC SOLIDIFICANTE UND	66800423	KIT	IMPORTADOS DISPOSITIVOS MEDICO	CANISTER	1
2000050000015	KIT CANISTER GO 300ML CX5	66800165	KIT	IMPORTADOS DISPOSITIVOS MEDICO	CANISTER	1
2000050000020	KIT CANISTER PARA SOFTPORT 800CC	66800912	KIT	IMPORTADOS DISPOSITIVOS MEDICO	CANISTER	1
2000050000025	KIT DE CANISTER 300CC CON TUBO 5 ADVANCED	00736	UN	IMPORTADOS DISPOSITIVOS MEDICO	CANISTER	1
2000050000030	KIT DE CANISTER 300CC CON TUBO DE 5	0370222	UN	IMPORTADOS DISPOSITIVOS MEDICO	CANISTER	1
2000050000035	KIT DE CANISTER 800CC CON TUBO 5 ADVANCED	00734	UN	IMPORTADOS DISPOSITIVOS MEDICO	CANISTER	1
2000050000040	KIT DE CANISTER 800CC CON TUBO DE 5	0370224	UN	IMPORTADOS DISPOSITIVOS MEDICO	CANISTER	1
2000055000005	CONECTOR EN Y ADVANCE ONE WAY REF 00846	00846	UN	IMPORTADOS DISPOSITIVOS MEDICO	CONECTORES	1
2000055000010	CONECTOR EN Y BASIC CON VALVULA DE UNA VIA	4635400674	UN	IMPORTADOS DISPOSITIVOS MEDICO	CONECTORES	1
2000055000015	CONECTOR Y UNIVERSAL 00872	00872	UN	IMPORTADOS DISPOSITIVOS MEDICO	CONECTORES	1
2000055000020	KIT CONECTOR Y 21VOLT UND	66800504	KIT	IMPORTADOS DISPOSITIVOS MEDICO	CONECTORES	1
2000060000005	SUJETADOR ANTIDESCONEX CIRCUIT O TUBO SMOLL	249	UN	IMPORTADOS DISPOSITIVOS MEDICO	SUJETADORES	1
2000060000010	SUJETADOR ANTIDESCONEXION CIRCUITO RESP A TUBO LAR	248	UN	IMPORTADOS DISPOSITIVOS MEDICO	SUJETADORES	1
2000060000015	SUJETADOR DE TUBO ENDOTRAQUEAL	270	UN	IMPORTADOS DISPOSITIVOS MEDICO	SUJETADORES	1
2000060000020	SUJETADOR TUBO ENDOTRAQUEAL	273	UN	IMPORTADOS DISPOSITIVOS MEDICO	SUJETADORES	1
2000065000005	TENSIOMETRO MOVIL COMPLETO UD	5932189	UN	IMPORTADOS DISPOSITIVOS MEDICO	TENSIOMETRO	1
2000065000010	TENSIOMETRO PARED MAXI STABIL 3	5930189	UN	IMPORTADOS DISPOSITIVOS MEDICO	TENSIOMETRO	1
2000065000015	TENSIOMETRO PREMIUS 50 SPEIDEL&KELLER *UDD	5001189	UN	IMPORTADOS DISPOSITIVOS MEDICO	TENSIOMETRO	1
2000070000005	KIT DISP MAN CARDIACA INMOV.BRAZO	89-990530	JG	IMPORTADOS DISPOSITIVOS MEDICO	CARDIOVASCULAR	1
2000070000010	KIT PARA ESTABILIZADOR DE MIOCARDIO	89-9243	JG	IMPORTADOS DISPOSITIVOS MEDICO	CARDIOVASCULAR	1
2000070000015	RETRACTOR CARDIOVASCULAR OPCAB ELITE UD.(*)	89-2307	UN	IMPORTADOS DISPOSITIVOS MEDICO	CARDIOVASCULAR	1
2000075000005	BANDA EQ.RENASYS GO	66800163	UN	IMPORTADOS DISPOSITIVOS MEDICO	BOMBA DE PRESION	1
2000075000010	EQ BOMBA PRESION NEGATIVA RENASYS EZ PLUS	66800697	EQ	IMPORTADOS DISPOSITIVOS MEDICO	BOMBA DE PRESION	1
2000075000015	EQ.BOMBA PRESION NEGATIVA GO RENASYS	66800164	EQ	IMPORTADOS DISPOSITIVOS MEDICO	BOMBA DE PRESION	1
2000075000020	EQ.BOMBA PRESION NEGATIVA RENASYS EZ	66800059	EQ	IMPORTADOS DISPOSITIVOS MEDICO	BOMBA DE PRESION	1
2000075000025	ESTUCHE EQ.RENASYS GO	66800162	UN	IMPORTADOS DISPOSITIVOS MEDICO	BOMBA DE PRESION	1
2000080000005	FONENDOSCOPIO DUOPHON 30 PEDIATRICO	8215080	UN	IMPORTADOS DISPOSITIVOS MEDICO	FONENDOSCOPIO	1
2000080000010	FONENDOSCOPIO DUOPHON 40 ADULTO UD	8211080	UN	IMPORTADOS DISPOSITIVOS MEDICO	FONENDOSCOPIO	1
2000085000005	CAMPANA DE SUCCION STINGRAY ADVANCED	00720	UN	IMPORTADOS DISPOSITIVOS MEDICO	CAMPANA DE SUCCION	1
2000085000010	CAMPANA DE SUCCION STINGRAY BASIC	00636	UN	IMPORTADOS DISPOSITIVOS MEDICO	CAMPANA DE SUCCION	1
2000195000005	AGUJA MULTIPLE 21GX1.1/2 PQ	592121380	PQ	IMPORTADOS DISPOSITIVOS MEDICO	OTROS IMPORTADOS	1
2000195000010	AGUJA MULTIPLE 22GX1 PQX100	592121250	PQ	IMPORTADOS DISPOSITIVOS MEDICO	OTROS IMPORTADOS	1
2000195000015	AGUJA VIA VAGINAL TVT REUTILIZABLE	AVB	UN	IMPORTADOS DISPOSITIVOS MEDICO	OTROS IMPORTADOS	1
2000195000020	AGUJAS HELICOIDALES IZQQUIERDA-DERECHA	ATOT-RL	UN	IMPORTADOS DISPOSITIVOS MEDICO	OTROS IMPORTADOS	1
2000195000025	BATA QUIRG REFORZADA T/M.	BQR-M	UN	IMPORTADOS DISPOSITIVOS MEDICO	OTROS IMPORTADOS	1
2000195000030	BATA QUIRG STANDAR T/S.	BQST-S	UN	IMPORTADOS DISPOSITIVOS MEDICO	OTROS IMPORTADOS	1
2000195000035	BATA QUIRURG STANDAR T/M.	BQST-M	UN	IMPORTADOS DISPOSITIVOS MEDICO	OTROS IMPORTADOS	1
2000195000040	BRASSIER LARG 36-38 COPA B-D	703	UN	IMPORTADOS DISPOSITIVOS MEDICO	OTROS IMPORTADOS	1
2000195000045	CINTA CINTURA CATETER FOLEY ADULTO	330	UN	IMPORTADOS DISPOSITIVOS MEDICO	OTROS IMPORTADOS	1
2000195000050	CINTA PIERNA CATETER FOLEY	316	UN	IMPORTADOS DISPOSITIVOS MEDICO	OTROS IMPORTADOS	1
2000195000055	FAJA ABDOM 4 SECC 12 ESTIRABLE DE 60-75	818	UN	IMPORTADOS DISPOSITIVOS MEDICO	OTROS IMPORTADOS	1
2000195000060	FAJA ABDOM 4 SECC 12 ESTIRABLEDE 46-62	811	UN	IMPORTADOS DISPOSITIVOS MEDICO	OTROS IMPORTADOS	1
2000195000065	FAJA ABDOM 5 SECC 12 ESTIRABLE 82-94	920	UN	IMPORTADOS DISPOSITIVOS MEDICO	OTROS IMPORTADOS	1
2000195000070	FERULA MANO ADULTO	FER ADU	UN	IMPORTADOS DISPOSITIVOS MEDICO	OTROS IMPORTADOS	1
2000195000075	FERULA PEDIATRICA ABS	FER PEDI	UN	IMPORTADOS DISPOSITIVOS MEDICO	OTROS IMPORTADOS	1
2000195000085	GUANTES DESECHABLE SECO PARA LAVADO	180105	UN	IMPORTADOS DISPOSITIVOS MEDICO	OTROS IMPORTADOS	1
2000195000090	KIT DE PUENTE (PQ. DOS UND)	00621	UN	IMPORTADOS DISPOSITIVOS MEDICO	OTROS IMPORTADOS	1
2000195000095	KIT IRRIGADOR PULSAR	209-01	UN	IMPORTADOS DISPOSITIVOS MEDICO	OTROS IMPORTADOS	1
2000195000110	SOPORT CANULA TRAQUEOTOMIA NEONATOS UN	242	UN	IMPORTADOS DISPOSITIVOS MEDICO	OTROS IMPORTADOS	1
2000195000120	SOPORTE TRANSDUCTOR DE PRESION	620	UN	IMPORTADOS DISPOSITIVOS MEDICO	OTROS IMPORTADOS	1
2000195000125	TAPA LILA 4M/EDTK3 -13X75 2600ALT PLAST PQ X100	692041202	PQ	IMPORTADOS DISPOSITIVOS MEDICO	OTROS IMPORTADOS	1
2000195000130	TUBO MINI LILA 0.5ML EDTAK3 PQTX50PLASTICO	5616905	PQ	IMPORTADOS DISPOSITIVOS MEDICO	OTROS IMPORTADOS	1
2000195000135	TUBO TAPA AZUL 1.8 ML PLASTCO 13X75MM2600ALT PQX10	632180202	PQ	IMPORTADOS DISPOSITIVOS MEDICO	OTROS IMPORTADOS	1
2000195000140	BOLSA DE TRONCO CON PUNTA	210-02	UN	IMPORTADOS DISPOSITIVOS MEDICO	OTROS IMPORTADOS	1
2000195000145	BOLSA EXTREMIDAD CON PUNTA	210-01	UN	IMPORTADOS DISPOSITIVOS MEDICO	OTROS IMPORTADOS	1
2000195000150	PUNTA TUNEL FLEXIBLE	209-02	UN	IMPORTADOS DISPOSITIVOS MEDICO	OTROS IMPORTADOS	1
2050005000005	DISPENSADOR 1 CAVIDAD	501501	UN	APOYO TECNOLOGICO	DISPENSADORES	1
2050005000015	DISPENSADOR ACERO INOXIDABLE	18105	UN	APOYO TECNOLOGICO	DISPENSADORES	1
2050005000020	DISPENSADOR BOLSA JV-059	JV-059	UN	APOYO TECNOLOGICO	DISPENSADORES	1
2050005000025	DISPENSADOR DE JABON LIQUIDO BLANCO	1311250	UN	APOYO TECNOLOGICO	DISPENSADORES	1
2050005000030	DISPENSADOR ESPUMA MANUAL	7500MF	UN	APOYO TECNOLOGICO	DISPENSADORES	1
2050005000035	DISPENSADOR INGOMAN	23341A	UN	APOYO TECNOLOGICO	DISPENSADORES	1
2050005000040	DISPENSADOR JABON ACIONADO	94211100	UN	APOYO TECNOLOGICO	DISPENSADORES	1
2050005000045	DISPENSADOR BOLSA REACONDICIONADO JV-059	R-JV059	UN	APOYO TECNOLOGICO	DISPENSADORES	1
2050005000050	DISPENSADOR JABON ESPUMA 800 ML BLANCO	SD940F	UN	APOYO TECNOLOGICO	DISPENSADORES	1
2050005000055	DISPENSADOR JABON LIQUIDO 800 ML BLANCO	SD940L	UN	APOYO TECNOLOGICO	DISPENSADORES	1
2050005000060	DISPENSADOR MANUAL ESPUMA	4028	UN	APOYO TECNOLOGICO	DISPENSADORES	1
2050005000065	DISPENSADOR MANUAL LIQUIDO	4065	UN	APOYO TECNOLOGICO	DISPENSADORES	1
2050005000070	DISPENSADOR SENSOR ELECTRICO SD958P E	SD958P-E	UN	APOYO TECNOLOGICO	DISPENSADORES	1
2050005000075	DISPENSADOR SENSOR ESPUMA / LIQUIDA TDL HYGIENE	SD-958P	UN	APOYO TECNOLOGICO	DISPENSADORES	1
2050005000080	DISPENSADOR SENSOR ESPUMA	4073A	UN	APOYO TECNOLOGICO	DISPENSADORES	1
2050005000081	DISPENSADOR PUSCH BOLSA	SD-942P	UN	APOYO TECNOLOGICO	DISPENSADORES	1
2050005000082	DISPENSADOR PUSCH BOLSA REACOND	R-SD-942P	UN	APOYO TECNOLOGICO	DISPENSADORES	1
2050005000085	DISPENSADOR SENSOR ESPUMA /LIQUIDA REACONDICI.	R-SD-958P	UN	APOYO TECNOLOGICO	DISPENSADORES	1
2050010000005	PEDESTAL PARA DISPENSADOR SENSOR	1378	UN	APOYO TECNOLOGICO	SOPORTES	1
2050010000010	SOPORTE INOX PARA DISPENSADOR N. 2	18105I	UN	APOYO TECNOLOGICO	SOPORTES	1
2050010000015	SOPORTE METALICO 500CC	18642	UN	APOYO TECNOLOGICO	SOPORTES	1
2050010000020	SOPORTE METALICO INOXIDABLE LITRO	18640	LT	APOYO TECNOLOGICO	SOPORTES	1
2050015000005	APLICACOR MEDIUM 190MM AZUL ABIERTA	AI-321526DD	UN	APOYO TECNOLOGICO	APLICADORES	1
2050015000010	APLICADOR ABIERTO L28CM AI-321556DD	AI-321556DD	UN	APOYO TECNOLOGICO	APLICADORES	1
2050015000015	APLICADOR ABIERTO LARGE 19CM AI-321552DD	AI-321552DD	UN	APOYO TECNOLOGICO	APLICADORES	1
2050015000020	APLICADOR ABIERTO MEDIUM 15CM AZUL	AI-321524DD	UN	APOYO TECNOLOGICO	APLICADORES	1
2050015000025	APLICADOR ABIERTO MEDIUM 19MM AI-321520DD	AI-321520DD	UN	APOYO TECNOLOGICO	APLICADORES	1
2050015000030	APLICADOR ABIERTO MEDIUM 28CM AI-321528DD	AI-321528DD	UN	APOYO TECNOLOGICO	APLICADORES	1
2050015000035	APLICADOR ABIERTO ML 19CM AI-321544DD	AI-321544DD	UN	APOYO TECNOLOGICO	APLICADORES	1
2050015000040	APLICADOR ABIERTO ML 28CM AI-321546DD	AI-321546DD	UN	APOYO TECNOLOGICO	APLICADORES	1
2050015000045	APLICADOR ABIERTO SMALL 15CM AMARILLO	AI-321530DD	UN	APOYO TECNOLOGICO	APLICADORES	1
2050015000050	APLICADOR ABIERTO SMALL 19CM AI321534DD	AI-321534DD	UN	APOYO TECNOLOGICO	APLICADORES	1
2050015000055	APLICADOR AZUL CORTOXA CLIP M ABIERTO 190MM	321526	UN	APOYO TECNOLOGICO	APLICADORES	1
2050015000060	APLICADOR AZUL LARGO PARA CLIPS M 280MM ABIERTO	AI321522	UN	APOYO TECNOLOGICO	APLICADORES	1
2050015000065	APLICADOR ENDOSCOPICO ML ROTABLE 10MM	13-1615AS	UN	APOYO TECNOLOGICO	APLICADORES	1
2050015000070	APLICADOR HEMOLOKENDOSCOP.5MM ML	544965	UN	APOYO TECNOLOGICO	APLICADORES	1
2050015000075	APLICADOR MEDIUM 190MM AMARILLO- ABIERTA	AI-321532DD	UN	APOYO TECNOLOGICO	APLICADORES	1
2050015000080	APLICADOR MEDIUM LARGE ROTABLE CLIPS VERDE	131615AS	UN	APOYO TECNOLOGICO	APLICADORES	1
2050015000085	APLICADOR ML MODULAR UNIDAD ENDOSCOPICO	131614-100	UN	APOYO TECNOLOGICO	APLICADORES	1
2050015000090	APLICADOR ROJO ABIERTO LARGO 280MM XA CLIPS ROJO	321554	UN	APOYO TECNOLOGICO	APLICADORES	1
2050015000095	APLICADOR ROJO CORTO ABIERTO190MM XA CLIPS ROJO	321550	UN	APOYO TECNOLOGICO	APLICADORES	1
2050015000100	APLICADOR SMOLL AMARILLO ABIERTO	AI-321532	UN	APOYO TECNOLOGICO	APLICADORES	1
2050015000105	APLICADOR VERDE ABIERTO ML CORTO	321540	UN	APOYO TECNOLOGICO	APLICADORES	1
2050015000110	APLICADOR VERDE ABIERTO ML LARGE ACKERMAN	AI-321542	UN	APOYO TECNOLOGICO	APLICADORES	1
2050015000115	APLICADOR VERDE ABIERTO ML LARGO	AI321542	UN	APOYO TECNOLOGICO	APLICADORES	1
